começar, {event}, começo
perseguir, {event}, perseguição
deformar, {event}, deformação
incluir, {event}, inclusão
vencer, {event}, vitória
expirar, {event}, expiração
conspirar, {event}, conspiração
desvalorizar, {event}, desvalorização
corroer, {event}, corrosão
operar, {event}, operação
inflamar, {event}, inflamação
discordar, {event}, discórdia
ocupar, {event}, ocupação
reorientar, {event}, reorientação
defender, {agent}, defensor
consagrar, {event}, consagração
trair, {event}, traição
cheirar, {result}, cheiro
formalizar, {event}, formalização
enumerar, {event}, enumeração
cauterizar, {event}, cauterização
saquear, {undergoer}, saque
provar, {event}, prova
examinar, {event}, examinação
generalizar, {result}, generalização
angustiar, {event}, angústia
observar, {result}, observação
resolver, {result}, resolução
expropriar, {event}, expropriação
jogar, {agent}, jogador
abandonar, {event}, abandono
brotar, {event}, brotação
soldar, {byMeansOf}, solda
derreter, {event}, derretimento
suspeitar, {agent}, suspeito
consolidar, {event}, consolidação
sincronizar, {result}, sincronização
avançar, {event}, avanço
amputar, {event}, amputação
privar, {event}, privação
explodir, {event}, explosão
acentuar, {uses}, acentuação
integrar, {byMeansOf}, integração
inserir, {event}, inserção
incinerar, {event}, incineração
alucinar, {event}, alucinação
pecar, {agent}, pecador
processar, {event}, processo
hospitalizar, {event}, hospitalização
registrar, {event}, registro
viciar, {agent}, viciada
debater, {event}, debate
saquear, {undergoer}, saque
alugar, {event}, aluguel
começar, {event}, começo
reter, {event}, retenção
substituir, {event}, substituição
prever, {event}, previsão
misturar, {event}, mistura
picar, {uses}, picada
promulgar, {event}, promulgação
praticar, {byMeansOf}, prática
desvalorizar, {event}, desvalorização
permitir, {event}, permissão
beber, {event}, bebida
envolver, {event}, envolvimento
desobedecer, {event}, desobediência
instruir, {agent}, instrutor
multar, {uses}, multa
viajar, {event}, viagem
identificar, {event}, identificação
alcançar, {property}, alcance
navegar, {instrument}, navegador
codificar, {event}, codificação
desejar, {event}, desejo
consagrar, {event}, consagração
adaptar, {agent}, adaptador
pintar, {uses}, pintura
inundar, {event}, inundação
dramatizar, {event}, dramatização
empobrecer, {event}, empobrecimento
fragmentar, {event}, fragmentação
proteger, {byMeansOf}, protecção
saltar, {event}, salto
significar, {undergoer}, significado
classificar, {undergoer}, classificação
seduzir, {event}, sedução
nutrir, {byMeansOf}, nutrição
afirmar, {event}, afirmação
alinhar, {property}, alinhamento
mudar, {undergoer}, mutação
contundir, {event}, contusão
vacinar, {result}, vacinação
inchar, {event}, inchaço
estigmatizar, {byMeansOf}, estigma
atrasar, {event}, atraso
difamar, {event}, difamação
notificar, {uses}, notificação
aclamar, {event}, aclamação
coabitar, {event}, coabitação
atacar, {agent}, atacante
conceber, {event}, concepção
fabricar, {agent}, fabricante
visualizar, {result}, visualização
perfurar, {result}, perfuração
consultar, {event}, consulta
abrir, {agent}, abridor
rever, {byMeansOf}, revisão
informar, {uses}, informação
comungar, {event}, comunhão
configurar, {result}, configuração
usar, {agent}, usuário
entreter, {uses}, entretenimento
encapsular, {state}, encapsulamento
irritar, {byMeansOf}, irritação
coexistir, {event}, coexistência
preceder, {event}, precedência
restringir, {event}, restrição
compilar, {event}, compilação
cultivar, {event}, cultivo
chegar, {event}, chegada
comparar, {property}, comparação
optimizar, {event}, optimização
trocar, {event}, troca
embrulhar, {undergoer}, embrulhador
interpolar, {event}, interpolação
multiplicar, {byMeansOf}, multiplicação
vetar, {event}, veto
conceder, {state}, concessão
empurrar, {event}, empurrão
harmonizar, {event}, harmonização
manobrar, {byMeansOf}, manobra
interpretar, {uses}, interpretação
desejar, {event}, desejo
ilustrar, {uses}, ilustração
competir, {agent}, competidor
aglutinar, {event}, aglutinação
ilustrar, {uses}, ilustração
programar, {result}, programação
oxidar, {event}, oxidação
inventar, {event}, invenção
cristalizar, {byMeansOf}, cristalização
ressuscitar, {event}, ressurreição
custar, {result}, custo
empurrar, {event}, empurrão
acabar, {event}, acabamento
adquirir, {event}, aquisição
pagar, {undergoer}, pagamento
assimilar, {event}, assimilação
subir, {event}, subida
filtrar, {instrument}, filtro
vestir, {undergoer}, vestuário
renunciar, {byMeansOf}, renúncia
saturar, {event}, saturação
ejacular, {event}, ejaculação
polir, {property}, polimento
decretar, {undergoer}, decreto
ostentar, {event}, ostentamento
cair, {event}, queda
invadir, {event}, invasão
assimilar, {event}, assimilação
expatriar, {agent}, expatriado
purificar, {event}, purificação
impulsionar, {event}, impulsão
derreter, {event}, derretimento
citar, {undergoer}, citação
retificar, {event}, retificação
aumentar, {byMeansOf}, aumento
personificar, {event}, personificação
irritar, {event}, irritação
confessar, {byMeansOf}, confissão
minimizar, {event}, minimização
galvanizar, {event}, galvanização
encabeçar, {byMeansOf}, encabeçamento
comentar, {result}, comentário
começar, {event}, começo
canonizar, {event}, canonização
reiterar, {event}, reiteração
respirar, {event}, respiração
contaminar, {byMeansOf}, contaminação
discriminar, {event}, discriminação
catalogar, {agent}, catalogador
descrever, {event}, descrição
destruir, {event}, destruição
explorar, {event}, exploração
secar, {material}, secador
alistar, {event}, alistamento
insinuar, {event}, insinuação
pasteurizar, {event}, pasteurização
comer, {agent}, comedor
abortar, {event}, abortamento
curvar, {result}, curva
convidar, {event}, convite
escrever, {agent}, escritor
reavaliar, {event}, reavaliação
decidir, {event}, decisão
inchar, {event}, inchaço
validar, {event}, validação
imprimir, {instrument}, impressora
profanar, {event}, profanação
felicitar, {event}, felicitação
saudar, {byMeansOf}, saudação
refutar, {byMeansOf}, refutação
aliviar, {event}, alívio
bater, {event}, batida
esculpir, {result}, escultura
sincronizar, {event}, sincronização
emigrar, {event}, emigração
bater, {instrument}, batedor
promover, {agent}, promotor
esterilizar, {event}, esterilização
adorar, {agent}, adorador
narrar, {event}, narração
contornar, {result}, contorno
arejar, {event}, arejamento
padronizar, {event}, padronização
ausentar, {event}, ausência
merecer, {property}, merecimento
matar, {agent}, matador
imaginar, {byMeansOf}, imaginação
conspirar, {result}, conspiração
auscultar, {event}, auscultação
absorver, {event}, absorção
abastecer, {event}, abastecimento
preparar, {event}, preparação
berrar, {event}, berro
fortificar, {byMeansOf}, fortificação
abstrair, {undergoer}, abstracção
escrever, {agent}, escritor
humilhar, {event}, humilhação
emancipar, {event}, emancipação
derrapar, {event}, derrapagem
subir, {event}, subida
titular, {result}, titulação
mentir, {undergoer}, mentira
vazar, {location}, vazamento
tripular, {agent}, tripulação
aprovar, {byMeansOf}, aprovação
contrastar, {property}, contraste
diferenciar, {byMeansOf}, diferenciação
barricar, {byMeansOf}, barricada
sangrar, {event}, sangramento
resolver, {event}, resolução
granizar, {event}, granizo
correr, {agent}, corredor
resultar, {event}, resultado
cancelar, {event}, cancelamento
recrutar, {event}, recrutamento
dessalinizar, {event}, dessalinização
concluir, {event}, conclusão
confessar, {agent}, confessor
cumprir, {event}, cumprimento
escapar, {event}, escapada
imigrar, {agent}, imigração
unificar, {event}, unificação
gravar, {agent}, gravador
contrair, {event}, contração
comer, {agent}, comedor
ventilar, {byMeansOf}, ventilador
facilitar, {agent}, facilitador
desaparecer, {event}, desaparecimento
explorar, {event}, exploração
render, {result}, rendimento
prolongar, {event}, prolongamento
chover, {event}, chuva
enriquecer, {byMeansOf}, enriquecimento
atrasar, {event}, atraso
estrear, {event}, estreia
lascar, {result}, lasca
concentrar, {result}, concentração
tentar, {result}, tentativa
duvidar, {state}, dúvida
transferir, {agent}, transferência
combinar, {event}, combinação
supor, {byMeansOf}, suposição
evacuar, {event}, evacuação
desidratar, {result}, desidratação
aquecer, {byMeansOf}, aquecimento
deformar, {event}, deformação
representar, {event}, representação
desarmar, {event}, desarmamento
confeccionar, {event}, confecção
circular, {event}, circulação
difundir, {property}, difusão
anotar, {result}, anotação
socorrer, {event}, socorro
explorar, {event}, exploração
compensar, {undergoer}, compensação
masturbar, {event}, masturbação
ajudar, {byMeansOf}, ajudante
contemplar, {event}, contemplação
estabelecer, {event}, estabelecimento
americanizar, {event}, americanização
servir, {agent}, serviço
interessar, {event}, interesse
começar, {event}, começo
repudiar, {event}, repúdio
reorganizar, {event}, reorganização
interrogar, {event}, interrogação
interferir, {event}, interferência
neutralizar, {event}, neutralização
coordenar, {event}, coordenação
procurar, {event}, procura
reunir, {event}, reunião
funcionar, {event}, função
pensar, {event}, pensamento
revolucionar, {event}, revolução
sacrificar, {event}, sacrifício
empregar, {undergoer}, empregado
consultar, {event}, consulta
consumir, {agent}, consumidor
civilizar, {result}, civilização
aceitar, {result}, aceitação
determinar, {result}, determinação
obstruir, {event}, obstrução
transmitir, {event}, transmissão
redigir, {agent}, redator
deteriorar, {event}, deterioração
organizar, {result}, organização
instalar, {result}, instalação
pescar, {agent}, pescador
adiar, {event}, adiamento
experimentar, {event}, experiência
suar, {undergoer}, suor
complicar, {event}, complicação
ferir, {event}, ferimento
cair, {event}, queda
ordenar, {result}, ordem
aniquilar, {event}, aniquilação
doar, {event}, doação
descobrir, {agent}, descobridor
calibrar, {event}, calibração
sorrir, {event}, sorriso
convalescer, {event}, convalescência
identificar, {event}, identificação
restaurar, {state}, restauração
caracterizar, {event}, caracterização
refrigerar, {event}, refrigeração
destilar, {result}, destilação
proteger, {agent}, protetor
variar, {event}, variação
rebaixar, {state}, rebaixe
refrigerar, {event}, refrigeração
inclinar, {property}, inclinação
desencantar, {event}, desencantamento
explorar, {agent}, explorador
evaporar, {material}, evaporação
infectar, {event}, infecção
extinguir, {event}, extinção
educar, {agent}, educador
chocar, {event}, choque
dissecar, {event}, dissecção
experimentar, {event}, experiência
lutar, {agent}, lutador
operar, {event}, operação
revolucionar, {event}, revolução
roer, {agent}, roedor
discutir, {event}, discussão
presumir, {result}, presunção
unificar, {event}, unificação
declarar, {result}, declaração
compreender, {event}, compreensão
adulterar, {result}, adulteração
pastar, {location}, pasto
condescender, {byMeansOf}, condescendência
resolver, {event}, resolução
vender, {agent}, vendedor
apostar, {event}, aposta
subverter, {event}, subversão
desdenhar, {property}, desdém
interagir, {event}, interação
avariar, {event}, avaria
escalar, {event}, escalada
familiarizar, {event}, familiarização
finalizar, {event}, fim
intimidar, {event}, intimidação
desconfiar, {property}, desconfiança
rastejar, {event}, rastejamento
evacuar, {event}, evacuação
perseverar, {event}, perseverança
estudar, {event}, estudo
esterilizar, {event}, esterilização
somar, {result}, soma
reunir, {event}, reunião
otimizar, {event}, otimização
localizar, {event}, localização
ajustar, {event}, ajuste
desejar, {undergoer}, desejo
renovar, {event}, renovação
bombear, {undergoer}, bomba
comemorar, {uses}, comemoração
passear, {event}, passeio
frustrar, {event}, frustração
insultar, {event}, insulto
ceder, {event}, cessão
revolucionar, {event}, revolução
subtrair, {event}, subtração
reparar, {event}, reparação
aparecer, {event}, aparição
aspirar, {undergoer}, aspiração
perder, {event}, perda
citar, {byMeansOf}, citação
olhar, {event}, olhadela
desafiar, {event}, desafio
julgar, {event}, julgador
tingir, {byMeansOf}, tintura
prescrever, {undergoer}, prescrição
satisfazer, {result}, satisfação
deformar, {event}, deformação
entrevistar, {agent}, entrevistador
reclamar, {event}, reclamação
ajudar, {agent}, ajudante
abrir, {event}, abridor
reencarnar, {event}, reencarnação
coordenar, {agent}, coordenador
surpreender, {state}, surpresa
colidir, {event}, colisão
reunir, {event}, reunião
tentar, {byMeansOf}, tentação
ler, {undergoer}, leitura
abastecer, {uses}, abastecimento
deslocar, {event}, deslocamento
compensar, {undergoer}, compensação
avaliar, {agent}, avaliador
cantar, {agent}, cantor
manipular, {event}, manipulação
alimentar, {property}, alimento
categorizar, {result}, categorização
aclimatar, {event}, aclimatação
centralizar, {event}, centralização
roubar, {undergoer}, roubo
inaugurar, {event}, inauguração
guerrear, {agent}, guerreiro
alterar, {event}, alteração
estender, {event}, extensão
publicar, {result}, publicação
comparar, {property}, comparação
sintetizar, {instrument}, sintetizador
amortecer, {byMeansOf}, amortecedor
bater, {instrument}, batedor
proibir, {byMeansOf}, proibição
rever, {event}, revisão
perguntar, {event}, pergunta
colonizar, {event}, colonização
derivar, {location}, derivação
melhorar, {byMeansOf}, melhoria
multar, {event}, multa
finalizar, {byMeansOf}, final
cortar, {event}, corte
aumentar, {event}, aumento
mudar, {event}, mudança
operar, {event}, operação
peregrinar, {event}, peregrinação
focalizar, {event}, focalização
culminar, {event}, culminância
estabilizar, {event}, estabilização
contrabandear, {agent}, contrabandista
dirigir, {agent}, diretor
realizar, {event}, realização
renunciar, {event}, renúncia
desacelerar, {event}, desaceleração
puxar, {event}, puxão
evaporar, {agent}, evaporação
aceitar, {event}, aceitação
tratar, {event}, tratamento
predispor, {byMeansOf}, predisposição
validar, {event}, validação
surpreender, {event}, surpresa
vestir, {uses}, vestuário
precipitar, {event}, precipitação
preocupar, {byMeansOf}, preocupação
prostituir, {event}, prostituição
consolidar, {event}, consolidação
ensaiar, {event}, ensaio
parafrasear, {event}, paráfrase
formar, {event}, formação
jogar, {agent}, jogador
atrasar, {result}, atraso
ajudar, {byMeansOf}, ajudante
extorquir, {event}, extorsão
projetar, {event}, projeto
banir, {state}, banimento
intimidar, {event}, intimidação
inaugurar, {event}, inauguração
forçar, {byMeansOf}, força
emanar, {event}, emanação
convocar, {result}, convocação
relatar, {event}, relato
monopolizar, {event}, monopolização
exumar, {event}, exumação
exilar, {event}, exílio
exasperar, {event}, exasperação
garantir, {byMeansOf}, garantia
afetar, {event}, efeito
alocar, {undergoer}, alocação
redefinir, {event}, redefinição
catalogar, {agent}, catalogador
americanizar, {event}, americanização
tremer, {event}, tremor
privar, {event}, privação
separar, {event}, separação
trabalhar, {agent}, trabalhador
repudiar, {event}, repúdio
roncar, {event}, ronco
enumerar, {result}, enumeração
correr, {event}, corrida
minerar, {agent}, mineiro
descontaminar, {event}, descontaminação
instalar, {event}, instalação
comunicar, {undergoer}, comunicação
nutrir, {byMeansOf}, nutrição
embelezar, {event}, embelezamento
desjejuar, {event}, desjejum
buscar, {agent}, buscador
viajar, {event}, viagem
beber, {event}, bebida
correlacionar, {event}, correlação
imigrar, {agent}, imigração
divorciar, {event}, divórcio
desperdiçar, {event}, desperdício
esculpir, {result}, escultura
fermentar, {result}, fermentação
recomendar, {undergoer}, recomendação
desabafar, {event}, desabafo
trabalhar, {event}, trabalho
aumentar, {event}, aumento
narrar, {agent}, narrador
admitir, {event}, admissão
esclarecer, {event}, esclarecimento
creditar, {agent}, credor
sobreviver, {agent}, sobrevivente
visitar, {agent}, visitante
preceder, {event}, precedência
pular, {event}, pulo
exasperar, {event}, exasperação
jogar, {event}, jogo
calcular, {event}, cálculo
criar, {agent}, criador
interromper, {event}, interrupção
contentar, {state}, contentamento
injuriar, {byMeansOf}, injúria
pressionar, {byMeansOf}, pressão
definir, {result}, definição
acessar, {event}, acesso
medir, {undergoer}, medida
seduzir, {event}, sedução
erradicar, {event}, erradicação
circuncidar, {event}, circuncisão
germinar, {event}, germinação
oxidar, {event}, oxidação
responder, {event}, resposta
visitar, {agent}, visitante
transgredir, {event}, transgressão
assaltar, {agent}, assaltante
seguir, {agent}, seguidor
adquirir, {event}, aquisição
alegrar, {byMeansOf}, alegria
matricular, {event}, matrícula
instruir, {agent}, instrutor
desculpar, {undergoer}, desculpa
dividir, {event}, divisão
esperar, {byMeansOf}, esperança
encarcerar, {event}, encarceramento
codificar, {event}, codificação
investir, {agent}, investidor
cristalizar, {event}, cristalização
intoxicar, {state}, intoxicação
compensar, {undergoer}, compensação
convulsionar, {event}, convulsão
oprimir, {agent}, opressor
radiar, {event}, radiação
correr, {event}, corrida
armar, {uses}, arma
vazar, {location}, vazamento
reproduzir, {event}, reprodução
infectar, {event}, infecção
extorquir, {event}, extorsão
aumentar, {event}, aumento
espalhar, {event}, espalhamento
confundir, {result}, confusão
predominar, {event}, predominância
vibrar, {event}, vibração
mentir, {event}, mentira
preparar, {byMeansOf}, preparação
assinar, {agent}, assinante
justificar, {byMeansOf}, justificação
analisar, {instrument}, analisador
transportar, {event}, transporte
hipotecar, {undergoer}, hipoteca
caminhar, {event}, caminhada
conceber, {event}, concepção
amar, {agent}, amante
leiloar, {event}, leilão
curar, {agent}, curandeiro
piorar, {event}, piora
equacionar, {event}, equação
passear, {event}, passeio
bater, {event}, batida
abortar, {event}, aborto
acordar, {event}, acordo
importar, {undergoer}, importação
aumentar, {event}, aumento
desejar, {undergoer}, desejo
transmitir, {event}, transmissão
atacar, {agent}, atacante
examinar, {agent}, examinador
menstruar, {event}, menstruação
rejeitar, {event}, rejeição
estudar, {event}, estudo
apelar, {event}, apelação
desaparecer, {event}, desaparecimento
observar, {agent}, observador
acompanhar, {event}, acompanhamento
agitar, {state}, agitação
julgar, {agent}, juiz
demandar, {event}, demanda
regar, {event}, rega
persuadir, {event}, persuasão
mobilizar, {event}, mobilização
identificar, {byMeansOf}, identificação
oferecer, {event}, oferecimento
resolver, {property}, resolução
desorientar, {event}, desorientação
culminar, {event}, culminância
acompanhar, {result}, acompanhamento
protestar, {event}, protesto
equalizar, {event}, equalização
modificar, {event}, modificação
desorganizar, {event}, desorganização
nomear, {uses}, nome
misturar, {event}, mistura
preocupar, {byMeansOf}, preocupação
emitir, {byMeansOf}, emissor
formular, {event}, formulação
aprovar, {event}, aprovação
nadar, {agent}, nadador
testemunhar, {uses}, testemunha
fortificar, {byMeansOf}, fortificação
ignorar, {state}, ignorância
alugar, {event}, aluguel
divertir, {event}, diversão
decretar, {byMeansOf}, decreto
celebrar, {event}, celebração
amaldiçoar, {event}, maldição
extrapolar, {event}, extrapolação
separar, {event}, separação
procurar, {event}, procura
exportar, {undergoer}, exportação
treinar, {agent}, treinador
viajar, {event}, viagem
suturar, {byMeansOf}, sutura
ajustar, {event}, ajustamento
apostar, {undergoer}, aposta
infringir, {event}, infracção
omitir, {result}, omissão
emanar, {event}, emanação
colidir, {event}, colisão
revelar, {event}, revelação
garantir, {byMeansOf}, garantia
mobilizar, {event}, mobilização
organizar, {agent}, organização
amar, {undergoer}, amante
desaprovar, {state}, desaprovação
indispor, {event}, indisposição
significar, {undergoer}, significado
escolher, {undergoer}, escolha
aumentar, {event}, aumento
continuar, {event}, continuação
chantagear, {agent}, chantagista
vandalizar, {agent}, vândalo
ordenar, {result}, ordem
fundar, {agent}, fundador
castrar, {event}, castração
citar, {byMeansOf}, citação
bifurcar, {result}, bifurcação
prosseguir, {event}, prosseguimento
misturar, {event}, mistura
trabalhar, {agent}, trabalhador
ajudar, {agent}, ajudante
contemplar, {event}, contemplação
sussurrar, {event}, sussurro
aparecer, {event}, aparição
elaborar, {event}, elaboração
ordenar, {result}, ordem
medicar, {byMeansOf}, medicamento
navegar, {event}, navegação
motivar, {byMeansOf}, motivação
simplificar, {event}, simplificação
centrifugar, {event}, centrifugação
possuir, {agent}, possuidor
aventurar, {byMeansOf}, aventura
neutralizar, {event}, neutralização
observar, {agent}, observador
atacar, {event}, ataque
abreviar, {result}, abreviatura
acampar, {location}, acampamento
consultar, {event}, consulta
preferir, {event}, preferência
empobrecer, {event}, empobrecimento
relacionar, {event}, relação
recomendar, {byMeansOf}, recomendação
identificar, {event}, identificação
procrastinar, {agent}, procrastinador
calcificar, {event}, calcificação
atacar, {agent}, atacante
desvalorizar, {event}, desvalorização
abandonar, {event}, abandono
pintar, {agent}, pintor
organizar, {agent}, organização
discriminar, {event}, discriminação
tossir, {event}, tosse
levantar, {event}, levantamento
ameaçar, {byMeansOf}, ameaça
inserir, {event}, inserção
conotar, {undergoer}, conotação
argumentar, {event}, argumentação
triangular, {byMeansOf}, triangulação
contaminar, {byMeansOf}, contaminação
declarar, {result}, declaração
desenhar, {agent}, desenhista
pagar, {byMeansOf}, pagamento
nacionalizar, {event}, nacionalização
observar, {event}, observação
cochilar, {event}, cochilo
nomear, {event}, nomeação
ressentir, {state}, ressentimento
anunciar, {byMeansOf}, anúncio
suspirar, {event}, suspiro
lançar, {event}, lançamento
planejar, {result}, plano
castigar, {event}, castigo
partir, {event}, partida
acidificar, {event}, acidificação
habitar, {agent}, habitante
aperfeiçoar, {event}, aperfeiçoamento
minimizar, {event}, minimização
lançar, {event}, lançamento
diminuir, {event}, diminuição
emancipar, {event}, emancipação
mergulhar, {agent}, mergulhador
falsear, {result}, falsidade
desarmar, {event}, desarmamento
documentar, {byMeansOf}, documento
vestir, {uses}, vestuário
decidir, {result}, decisão
aumentar, {event}, aumento
imprimir, {result}, impressão
apresentar, {event}, apresentação
dotar, {uses}, dotação
desperdiçar, {property}, desperdício
abandonar, {event}, abandono
evaporar, {result}, evaporação
taxar, {uses}, taxa
silenciar, {byMeansOf}, silenciador
personificar, {event}, personificação
amadurecer, {event}, amadurecimento
emboscar, {event}, emboscada
visualizar, {result}, visualização
continuar, {event}, continuação
caçar, {agent}, caçador
listar, {uses}, lista
acelerar, {event}, aceleração
formatar, {result}, formatação
processar, {instrument}, processador
trocar, {event}, troca
ganhar, {agent}, ganhador
temperar, {material}, tempero
enriquecer, {event}, enriquecimento
modificar, {event}, modificação
copiar, {result}, cópia
colonizar, {event}, colonização
focalizar, {event}, focalização
juntar, {event}, junção
cantar, {agent}, cantor
competir, {agent}, competidor
entrevistar, {event}, entrevista
aquiescer, {event}, aquiescência
automatizar, {event}, automação
ameaçar, {byMeansOf}, ameaça
conversar, {event}, conversação
imigrar, {event}, imigração
proliferar, {event}, proliferação
cortar, {event}, corte
plagiar, {agent}, plagiador
organizar, {result}, organização
instalar, {event}, instalação
fugir, {event}, fuga
executar, {event}, execução
discutir, {event}, discussão
convidar, {undergoer}, convidado
diminuir, {event}, diminuição
inundar, {event}, inundação
regenerar, {event}, regeneração
cantar, {undergoer}, canto
receber, {event}, recebimento
carregar, {agent}, carregador
comercializar, {event}, comercialização
endossar, {byMeansOf}, endosso
confundir, {state}, confusão
esmagar, {event}, esmagamento
formular, {event}, formulação
considerar, {event}, consideração
destruir, {agent}, destruidor
organizar, {result}, organização
articular, {event}, articulação
resumir, {uses}, resumo
reconstruir, {event}, reconstrução
interromper, {event}, interrupção
enganar, {event}, enganação
sobreviver, {agent}, sobrevivente
padronizar, {event}, padronização
fertilizar, {material}, fertilizante
aceitar, {event}, aceitação
amadurecer, {event}, amadurecimento
buscar, {agent}, buscador
ofender, {byMeansOf}, ofensa
considerar, {undergoer}, consideração
complementar, {byMeansOf}, complemento
bater, {event}, batida
aliviar, {event}, alívio
julgar, {event}, julgador
boicotar, {event}, boicote
confirmar, {byMeansOf}, confirmação
cochichar, {event}, cochicho
proibir, {byMeansOf}, proibição
culpar, {event}, culpa
orquestrar, {event}, orquestração
legalizar, {event}, legalização
planejar, {result}, plano
retratar, {result}, retrato
inspecionar, {event}, inspeção
saltar, {event}, salto
doer, {result}, dor
desejar, {event}, desejo
morder, {result}, mordedura
registrar, {location}, registrador
desintoxicar, {event}, desintoxicação
deformar, {event}, deformação
reconstruir, {event}, reconstrução
lutar, {event}, luta
putrefazer, {event}, putrefação
neutralizar, {event}, neutralização
prestidigitar, {agent}, prestidigitador
votar, {event}, voto
ulcerar, {bodyPart}, ulceração
editar, {agent}, editor
mudar, {event}, mudança
desgraçar, {event}, desgraça
zurrar, {event}, zurro
circular, {event}, circulação
transpor, {event}, transposição
tentar, {event}, tentativa
precipitar, {event}, precipitação
investigar, {event}, investigação
especializar, {event}, especialização
descolonizar, {event}, descolonização
desfalecer, {event}, desfalecimento
aprovar, {event}, aprovação
perseguir, {agent}, perseguidor
obrigar, {byMeansOf}, obrigação
administrar, {byMeansOf}, administração
ajudar, {byMeansOf}, ajudante
intensificar, {event}, intensificação
comentar, {byMeansOf}, comentário
detonar, {event}, detonação
rebocar, {vehicle}, rebocador
treinar, {agent}, treinador
estacionar, {location}, estacionamento
fibrilar, {event}, fibrilação
desmobilizar, {event}, desmobilização
aniquilar, {event}, aniquilação
regenerar, {event}, regeneração
explorar, {event}, exploração
degustar, {event}, degustação
propor, {event}, proposição
sepultar, {event}, sepultura
temperar, {uses}, tempero
desejar, {event}, desejo
mentir, {byMeansOf}, mentira
mensurar, {event}, mensuração
comprometer, {event}, compromisso
prometer, {event}, promessa
mudar, {event}, mudança
pintar, {agent}, pintor
desmineralizar, {event}, desmineralização
continuar, {event}, continuação
telefonar, {event}, telefonema
dançar, {agent}, dançarino
louvar, {event}, louvor
opor, {agent}, opositor
escolher, {event}, escolha
congelar, {instrument}, congelador
dissimular, {event}, dissimulação
criar, {result}, criação
incluir, {event}, inclusão
negligenciar, {property}, negligência
inalar, {event}, inalação
privatizar, {event}, privatização
operar, {agent}, operador
transplantar, {event}, transplante
construir, {agent}, construtor
corroer, {event}, corrosão
assombrar, {event}, assombro
retificar, {event}, retificação
represar, {byMeansOf}, represa
verificar, {byMeansOf}, verificação
interpretar, {uses}, interpretação
sorrir, {event}, sorriso
culminar, {event}, culminância
restringir, {byMeansOf}, restrição
transplantar, {event}, transplante
recrutar, {event}, recrutamento
redimir, {event}, redenção
prometer, {event}, promessa
celebrar, {event}, celebração
crescer, {event}, crescimento
influir, {byMeansOf}, influência
traduzir, {agent}, tradutor
espessar, {event}, espessamento
frustrar, {state}, frustração
beatificar, {event}, beatificação
abraçar, {event}, abraço
nadar, {event}, nadada
liderar, {agent}, líder
treinar, {agent}, treinador
inspecionar, {agent}, inspetor
filmar, {result}, filme
lavrar, {agent}, lavrador
induzir, {event}, indução
apelar, {event}, apelação
agitar, {event}, agitação
diminuir, {event}, diminuição
chupar, {agent}, chupador
executar, {event}, execução
espreitar, {event}, espreita
finalizar, {event}, fim
cantar, {agent}, cantor
pesquisar, {agent}, pesquisador
aprovar, {event}, aprovação
ligar, {byMeansOf}, ligação
recorrer, {undergoer}, recurso
vender, {agent}, vendedor
ulcerar, {bodyPart}, ulceração
escavar, {location}, escavação
multiplicar, {byMeansOf}, multiplicação
bater, {event}, batida
questionar, {result}, questão
contentar, {event}, contentamento
explicar, {event}, explicação
responder, {byMeansOf}, resposta
punir, {event}, punição
dissuadir, {event}, dissuasão
reconhecer, {event}, reconhecimento
exteriorizar, {event}, exteriorização
descobrir, {event}, descoberta
orar, {agent}, oração
isolar, {state}, isolamento
planar, {vehicle}, planador
desumanizar, {event}, desumanização
descrever, {event}, descrição
trabalhar, {agent}, trabalhador
protestar, {event}, protesto
representar, {event}, representação
assimilar, {event}, assimilação
acenar, {event}, aceno
assumir, {event}, assunção
tocar, {event}, toque
suspender, {event}, suspensão
escrever, {agent}, escritor
dividir, {event}, divisão
evitar, {event}, evitação
renovar, {event}, renovação
variar, {event}, variação
coagular, {event}, coagulação
comer, {agent}, comedor
fraturar, {event}, fractura
atrofiar, {event}, atrofia
transladar, {event}, translação
fornecer, {event}, fornecimento
continuar, {event}, continuidade
defender, {agent}, defensor
deliberar, {property}, deliberação
comemorar, {event}, comemoração
matar, {agent}, matador
tingir, {result}, tintura
numerar, {uses}, número
manipular, {event}, manipulação
reeleger, {event}, reeleição
suspender, {event}, suspensão
inovar, {agent}, inovador
puxar, {event}, puxão
reembolsar, {undergoer}, reembolso
drenar, {event}, drenagem
deliberar, {property}, deliberação
infectar, {event}, infecção
iluminar, {event}, iluminação
aquecer, {instrument}, aquecedor
dilatar, {event}, dilatação
relinchar, {event}, relincho
saltar, {event}, salto
integrar, {event}, integração
enganar, {byMeansOf}, engano
atrair, {undergoer}, atração
adiar, {event}, adiamento
vibrar, {instrument}, vibrador
humanizar, {event}, humanização
cozinhar, {agent}, cozinheiro
subornar, {undergoer}, suborno
melhorar, {event}, melhoria
prever, {event}, previsão
dançar, {agent}, dançarino
oferecer, {event}, oferecimento
forçar, {byMeansOf}, força
babar, {undergoer}, baba
patentear, {uses}, patente
refutar, {byMeansOf}, refutação
privar, {event}, privação
defender, {agent}, defensor
desafiar, {event}, desafio
agrupar, {result}, grupo
batalhar, {event}, batalha
brilhar, {uses}, brilho
especular, {event}, especulação
amortizar, {event}, amortização
contrair, {event}, contracção
inverter, {event}, inversão
experienciar, {result}, experiência
pedir, {byMeansOf}, pedido
estacionar, {location}, estacionamento
obedecer, {property}, obediência
ridicularizar, {event}, ridicularização
distorcer, {event}, distorção
modernizar, {event}, modernização
iniciar, {event}, início
assassinar, {agent}, assassino
reorganizar, {event}, reorganização
andar, {event}, andada
nevar, {event}, nevada
minimizar, {event}, minimização
entrar, {byMeansOf}, entrada
atacar, {agent}, atacante
desejar, {event}, desejo
conquistar, {agent}, conquistador
lacrimejar, {undergoer}, lágrima
capitalizar, {event}, capitalização
realizar, {result}, realização
cristalizar, {event}, cristalização
manter, {byMeansOf}, manutenção
expulsar, {event}, expulsão
limitar, {event}, limitação
legislar, {agent}, legislador
deformar, {event}, deformação
descobrir, {agent}, descobridor
batalhar, {event}, batalha
realizar, {event}, realização
renunciar, {event}, renúncia
compilar, {undergoer}, compilação
secar, {instrument}, secador
empatar, {event}, empate
destacar, {undergoer}, destaque
respeitar, {property}, respeito
filmar, {byMeansOf}, filme
dividir, {event}, divisão
dedicar, {event}, dedicação
faturar, {undergoer}, fatura
condenar, {undergoer}, condenado
aceitar, {result}, aceitação
interromper, {event}, interrupção
afinar, {agent}, afinador
bater, {event}, batida
diversificar, {event}, diversificação
invocar, {event}, invocação
programar, {agent}, programador
escrever, {agent}, escritor
desacelerar, {event}, desaceleração
colaborar, {agent}, colaborador
intensificar, {event}, intensificação
denominar, {event}, denominação
abjurar, {event}, abjuração
desfigurar, {event}, desfiguramento
ajustar, {event}, ajustamento
criar, {event}, criação
levantar, {event}, levantamento
magoar, {byMeansOf}, mágoa
confundir, {state}, confusão
subverter, {agent}, subversivo
impor, {event}, imposição
hesitar, {byMeansOf}, hesitação
augurar, {byMeansOf}, augúrio
assassinar, {agent}, assassino
observar, {result}, observação
entreter, {event}, entretenimento
realizar, {event}, realização
expressar, {byMeansOf}, expressão
prognosticar, {event}, prognóstico
exacerbar, {event}, exacerbação
deteriorar, {event}, deterioração
acabar, {event}, acabamento
anular, {event}, anulação
compreender, {event}, compreensão
embelezar, {event}, embelezamento
tolerar, {byMeansOf}, tolerância
irradiar, {event}, irradiação
contribuir, {event}, contribuição
alongar, {event}, alongamento
caçar, {event}, caçada
predizer, {event}, predição
ditar, {agent}, ditador
sequestrar, {agent}, sequestrador
renovar, {event}, renovação
delimitar, {byMeansOf}, delimitação
perdoar, {event}, perdão
integrar, {event}, integração
rebaixar, {state}, rebaixe
iniciar, {event}, início
acumular, {undergoer}, acúmulo
adquirir, {undergoer}, aquisição
reconstruir, {event}, reconstrução
pesquisar, {agent}, pesquisador
mudar, {event}, mudança
engatinhar, {event}, engatinhamento
inspirar, {event}, inspiração
enviar, {event}, envio
enterrar, {event}, enterro
emboscar, {event}, emboscada
desintegrar, {event}, desintegração
admirar, {state}, admiração
escavar, {location}, escavação
regenerar, {event}, regeneração
alterar, {event}, alteração
doer, {uses}, dor
espalhar, {event}, espalhamento
experimentar, {event}, experiência
suspirar, {event}, suspiro
garantir, {byMeansOf}, garantia
copular, {event}, cópula
amplificar, {instrument}, amplificador
aplaudir, {event}, aplauso
corresponder, {event}, correspondência
doer, {event}, dor
aliviar, {result}, alívio
mencionar, {byMeansOf}, menção
discriminar, {event}, discriminação
alugar, {event}, aluguel
verificar, {event}, verificação
gaguejar, {byMeansOf}, gagueira
comprar, {undergoer}, compra
comentar, {event}, comentário
ganhar, {undergoer}, ganho
desapontar, {state}, desapontamento
avançar, {event}, avanço
contratar, {event}, contrato
edificar, {event}, edificação
cobrir, {uses}, cobertura
morar, {agent}, morador
falsificar, {result}, falsificação
anunciar, {agent}, anunciador
enviar, {event}, envio
rebelar, {agent}, rebelde
interpolar, {byMeansOf}, interpolação
calcular, {event}, cálculo
piscar, {event}, piscamento
emular, {agent}, emulador
reparar, {event}, reparo
debater, {event}, debate
elogiar, {event}, elogio
utilizar, {event}, utilização
mudar, {event}, mudança
supor, {event}, suposição
falar, {agent}, falante
estudar, {agent}, estudante
mudar, {property}, mudança
vencer, {undergoer}, vitória
fiar, {agent}, fiador
reunir, {event}, reunião
socorrer, {event}, socorro
governar, {event}, governo
queimar, {event}, queimadura
sobreviver, {state}, sobrevivência
obter, {event}, obtenção
corromper, {event}, corrupção
gemer, {event}, gemido
mudar, {property}, mudança
revoltar, {event}, revolta
consultar, {event}, consulta
liderar, {agent}, líder
utilizar, {agent}, utilizador
deslizar, {event}, deslizamento
regressar, {event}, regresso
recitar, {event}, recital
causar, {agent}, causa
substituir, {undergoer}, substituto
colher, {undergoer}, colheita
agitar, {event}, agitação
sugerir, {event}, sugestão
decidir, {result}, decisão
reservar, {event}, reserva
governar, {byMeansOf}, governo
caminhar, {event}, caminhada
descontinuar, {event}, descontinuação
implantar, {undergoer}, implantação
experimentar, {result}, experiência
estruturar, {uses}, estrutura
romper, {event}, rompimento
alugar, {event}, aluguel
prognosticar, {event}, prognóstico
progredir, {event}, progressão
observar, {agent}, observador
olhar, {event}, olhada
adiar, {event}, adiamento
calcular, {event}, cálculo
limitar, {byMeansOf}, limitação
surpreender, {event}, surpresa
sofrer, {event}, sofrimento
relacionar, {event}, relação
completar, {byMeansOf}, complemento
vingar, {event}, vingança
insurgir, {event}, insurreição
compor, {event}, composição
formar, {event}, formação
contar, {result}, conta
bradar, {event}, brado
condenar, {uses}, condenação
afiliar, {event}, afiliação
experimentar, {result}, experiência
gerar, {event}, geração
prosseguir, {event}, prosseguimento
reagir, {event}, reação
combater, {event}, combate
organizar, {agent}, organização
raptar, {event}, rapto
obter, {event}, obtenção
perdoar, {uses}, perdão
prosseguir, {event}, prosseguimento
ativar, {event}, ativação
desiludir, {event}, desilusão
disfarçar, {byMeansOf}, disfarce
trapacear, {agent}, trapaceiro
anular, {event}, anulação
influenciar, {byMeansOf}, influência
perfurar, {event}, perfuração
arrendar, {event}, arrendamento
abusar, {agent}, abusador
acalmar, {byMeansOf}, calmante
orçar, {result}, orçamento
considerar, {event}, consideração
beneficiar, {byMeansOf}, benefício
feder, {event}, fedor
forçar, {byMeansOf}, força
mover, {event}, movimento
disputar, {event}, disputa
restringir, {event}, restrição
consertar, {event}, conserto
pressionar, {event}, pressão
mobilizar, {event}, mobilização
finalizar, {event}, finalização
incentivar, {byMeansOf}, incentivo
depositar, {agent}, depositante
modificar, {event}, modificação
comprar, {event}, compra
inferir, {event}, inferência
subir, {event}, subida
conectar, {event}, conexão
destruir, {agent}, destruidor
continuar, {event}, continuação
meditar, {event}, meditação
esperar, {event}, espera
desperdiçar, {property}, desperdício
interromper, {event}, interrupção
prever, {event}, previsão
decrescer, {event}, decréscimo
agredir, {agent}, agressor
escrever, {agent}, escritor
começar, {event}, começo
fecundar, {event}, fecundação
mastigar, {event}, mastigação
conversar, {event}, conversa
exercitar, {event}, exercício
propulsar, {event}, propulsão
chuviscar, {event}, chuvisco
contrair, {event}, contracção
ordenar, {undergoer}, ordem
negar, {event}, negação
boxear, {agent}, boxeador
experimentar, {undergoer}, experiência
empurrar, {event}, empurrão
deletar, {event}, deletamento
adicionar, {byMeansOf}, adição
faltar, {state}, falta
transportar, {event}, transporte
polir, {property}, polimento
desanimar, {state}, desânimo
abolir, {event}, abolimento
atuar, {agent}, ator
rejeitar, {undergoer}, rejeição
evoluir, {event}, evolução
cancelar, {event}, cancelamento
expedir, {event}, expedição
adicionar, {byMeansOf}, adição
provocar, {byMeansOf}, provocação
prover, {uses}, provisão
debater, {event}, debate
fornecer, {uses}, fornecimento
ofender, {event}, ofensa
abduzir, {event}, abdução
atacar, {agent}, atacante
massacrar, {event}, massacre
sobressaltar, {event}, sobressalto
beber, {undergoer}, bebida
aumentar, {byMeansOf}, aumento
torturar, {undergoer}, tortura
beijar, {event}, beijo
aconselhar, {agent}, conselheiro
aludir, {byMeansOf}, alusão
detectar, {event}, detecção
explicar, {event}, explicação
infestar, {agent}, infestação
reconhecer, {event}, reconhecimento
gerar, {event}, geração
confortar, {event}, conforto
responder, {byMeansOf}, resposta
pressupor, {event}, pressuposto
ver, {byMeansOf}, visão
combinar, {event}, combinação
sussurrar, {event}, sussurro
investigar, {event}, investigação
inundar, {event}, inundação
ceder, {event}, cessão
consentir, {event}, consentimento
abastecer, {event}, abastecimento
prever, {event}, previsão
doar, {event}, doação
sugerir, {event}, sugestão
distribuir, {event}, distribuição
lucrar, {property}, lucro
pedir, {event}, pedido
sustentar, {event}, sustentação
urbanizar, {event}, urbanização
aprisionar, {event}, aprisionamento
gorjear, {event}, gorjeio
alongar, {event}, alongamento
manifestar, {event}, manifestação
custar, {property}, custo
estimar, {event}, estimativa
permanecer, {event}, permanência
supor, {event}, suposição
intensificar, {event}, intensificação
abominar, {result}, abominação
melhorar, {event}, melhoria
degenerar, {state}, degeneração
revogar, {event}, revogação
imputar, {event}, imputação
combinar, {event}, combinação
amplificar, {byMeansOf}, amplificador
excitar, {event}, excitação
exibir, {undergoer}, exibição
danificar, {event}, dano
impedir, {byMeansOf}, impedimento
flutuar, {property}, flutuação
indicar, {byMeansOf}, indicação
reverter, {event}, reversão
desprezar, {property}, desprezo
alarmar, {byMeansOf}, alarme
agredir, {agent}, agressor
contatar, {event}, contato
persistir, {event}, persistência
clarificar, {event}, clarificação
cooperar, {event}, cooperação
transformar, {event}, transformação
fecundar, {event}, fecundação
abreviar, {result}, abreviação
comprimir, {event}, compressão
penalizar, {event}, penalização
alterar, {event}, alteração
ligar, {instrument}, ligação
significar, {byMeansOf}, significado
explorar, {agent}, explorador
diminuir, {event}, diminuição
instruir, {result}, instrução
expulsar, {event}, expulsão
generalizar, {result}, generalização
fascinar, {state}, fascinação
expor, {undergoer}, exposição
complicar, {event}, complicação
deduzir, {byMeansOf}, dedução
acusar, {agent}, acusador
aplicar, {event}, aplicação
iniciar, {agent}, iniciante
dividir, {event}, divisão
necessitar, {undergoer}, necessidade
excitar, {state}, excitamento
torcer, {event}, torção
irritar, {state}, irritação
preceder, {event}, precedência
educar, {result}, educação
rescindir, {event}, rescisão
refinar, {result}, refinamento
deslizar, {event}, deslizamento
espantar, {state}, espanto
transportar, {event}, transporte
fundir, {event}, fusão
ensinar, {event}, ensinamento
colocar, {property}, colocação
contratar, {event}, contratação
comissionar, {undergoer}, comissão
buscar, {agent}, buscador
eleger, {agent}, eleitor
diminuir, {event}, diminuição
existir, {state}, existência
saltar, {event}, salto
emergir, {event}, emergência
germinar, {event}, germinação
opinar, {event}, opinião
formular, {event}, formulação
variar, {result}, variante
recusar, {event}, recusa
despachar, {byMeansOf}, despacho
deduzir, {event}, dedução
decair, {event}, decadência
perceber, {event}, percepção
falar, {agent}, falante
tremer, {event}, tremor
finalizar, {event}, fim
dividir, {event}, divisão
usar, {agent}, usuário
renunciar, {event}, renúncia
esperar, {byMeansOf}, esperança
provocar, {byMeansOf}, provocação
preferir, {property}, preferência
desonrar, {state}, desonra
desenhar, {undergoer}, desenho
preparar, {event}, preparação
refletir, {event}, reflexão
decepcionar, {event}, decepção
separar, {event}, separação
confederar, {event}, confederação
masturbar, {event}, masturbação
confessar, {byMeansOf}, confissão
salvar, {agent}, salvador
prender, {location}, prisão
praticar, {event}, prática
emancipar, {event}, emancipação
fertilizar, {event}, fertilização
piar, {event}, pio
misturar, {event}, mistura
herdar, {agent}, herdeiro
partir, {event}, partida
destilar, {result}, destilação
tremer, {event}, tremura
acusar, {agent}, acusador
separar, {event}, separação
cessar, {event}, cessação
sobreviver, {agent}, sobrevivente
ejetar, {event}, ejeção
pontuar, {event}, pontuação
defender, {agent}, defensor
usurpar, {agent}, usurpador
constituir, {event}, constituição
anunciar, {event}, anúncio
posicionar, {location}, posição
impulsionar, {event}, impulsão
caricaturar, {result}, caricatura
desativar, {event}, desativação
ajustar, {event}, ajustamento
danificar, {event}, dano
destruir, {agent}, destruidor
coordenar, {agent}, coordenador
acumular, {result}, acúmulo
copular, {event}, cópula
chantagear, {agent}, chantagista
trepar, {event}, trepada
controlar, {event}, controle
acelerar, {event}, aceleração
concluir, {event}, conclusão
denunciar, {event}, denúncia
penetrar, {event}, penetração
aquecer, {instrument}, aquecedor
sindicar, {result}, sindicato
anotar, {uses}, anotação
remover, {material}, removedor
gerir, {event}, gestão
disseminar, {property}, disseminação
permanecer, {event}, permanência
impulsionar, {byMeansOf}, impulsão
encontrar, {uses}, encontro
renunciar, {event}, renúncia
queimar, {location}, queimadura
considerar, {undergoer}, consideração
ajudar, {byMeansOf}, ajudante
retornar, {event}, retorno
imitar, {event}, imitação
autorizar, {undergoer}, autorização
divertir, {uses}, divertimento
emendar, {event}, emenda
otimizar, {event}, otimização
rezar, {event}, reza
espalhar, {event}, espalhamento
transformar, {byMeansOf}, transformação
demolir, {event}, demolição
decorar, {byMeansOf}, decoração
produzir, {agent}, produtor
assistir, {byMeansOf}, assistência
introduzir, {event}, introdução
reduzir, {event}, redução
acabar, {event}, acabamento
roubar, {undergoer}, roubo
marchar, {event}, marcha
resignar, {event}, resignação
restringir, {byMeansOf}, restrição
parabenizar, {event}, parabéns
transformar, {event}, transformação
putrefazer, {event}, putrefação
alimentar, {byMeansOf}, alimento
destilar, {result}, destilação
remunerar, {undergoer}, remuneração
paginar, {event}, paginação
conceder, {state}, concessão
abdicar, {event}, abdicação
rimar, {event}, rima
auxiliar, {event}, auxílio
assemelhar, {event}, semelhança
aprender, {agent}, aprendiz
transpirar, {undergoer}, transpiração
provocar, {byMeansOf}, provocação
emprestar, {event}, empréstimo
equilibrar, {result}, equilíbrio
exclamar, {event}, exclamação
renunciar, {byMeansOf}, renúncia
falar, {agent}, falante
zumbir, {event}, zumbido
acabar, {event}, acabamento
localizar, {location}, localização
fornecer, {uses}, fornecimento
evocar, {event}, evocação
lutar, {agent}, lutador
aprimorar, {byMeansOf}, aprimoramento
mudar, {event}, mudança
equipar, {uses}, equipamento
excitar, {byMeansOf}, excitação
domar, {agent}, domador
supor, {event}, suposição
cozinhar, {agent}, cozinheiro
limitar, {event}, limitação
ascender, {event}, ascensão
vir, {event}, vinda
acabar, {event}, acabamento
elevar, {result}, elevação
reembolsar, {undergoer}, reembolso
resumir, {result}, resumo
publicar, {result}, publicação
pesquisar, {agent}, pesquisador
procriar, {event}, procriação
cultivar, {event}, cultivo
sair, {location}, saída
legendar, {event}, legenda
extraditar, {event}, extradição
invadir, {event}, invasão
estabelecer, {event}, estabelecimento
escandalizar, {event}, escândalo
refrigerar, {instrument}, refrigerador
fornecer, {uses}, fornecimento
polir, {property}, polimento
solicitar, {event}, solicitação
lutar, {event}, luta
alterar, {event}, alteração
conduzir, {agent}, condutor
raptar, {agent}, raptor
abrigar, {byMeansOf}, abrigo
devanear, {event}, devaneio
insultar, {byMeansOf}, insulto
confundir, {event}, confusão
fugir, {event}, fuga
exagerar, {event}, exagero
delegar, {result}, delegação
contrastar, {property}, contraste
comportar, {event}, comportamento
inferir, {event}, inferência
adornar, {event}, adornamento
acalmar, {event}, calma
embriagar, {state}, embriaguez
misturar, {event}, mistura
continuar, {event}, continuação
estudar, {event}, estudo
abundar, {property}, abundância
transferir, {result}, transferência
iludir, {event}, ilusão
terminar, {event}, término
desanimar, {event}, desânimo
simular, {byMeansOf}, simulador
salvar, {event}, salvação
recuperar, {event}, recuperação
arrendar, {event}, arrendamento
propulsar, {event}, propulsão
tremer, {event}, tremor
contactar, {event}, contato
reconhecer, {event}, reconhecimento
vestir, {uses}, vestuário
vestir, {uses}, vestuário
criar, {result}, criação
derramar, {event}, derramamento
contemplar, {event}, contemplação
adotar, {event}, adoção
consagrar, {event}, consagração
trocar, {event}, troca
assentir, {event}, assentimento
duvidar, {state}, dúvida
morrer, {event}, morte
repreender, {event}, repreensão
inscrever, {event}, inscrição
relatar, {event}, relatório
poluir, {event}, poluição
beneficiar, {byMeansOf}, benefício
relaxar, {event}, relaxação
mutilar, {event}, mutilação
barbear, {instrument}, barbeador
alienar, {state}, alienação
prognosticar, {byMeansOf}, prognóstico
cheirar, {event}, cheiro
computar, {agent}, computador
executar, {event}, execução
ensinar, {event}, ensinamento
desmaiar, {event}, desmaio
misturar, {event}, mistura
contrapor, {property}, contraposição
compreender, {property}, compreensão
investigar, {agent}, investigador
supor, {event}, suposição
provar, {uses}, prova
mediar, {agent}, mediador
publicar, {result}, publicação
manifestar, {event}, manifestação
hipnotizar, {agent}, hipnotizador
permanecer, {event}, permanência
admirar, {agent}, admirador
compensar, {undergoer}, compensação
reconhecer, {state}, reconhecimento
assobiar, {event}, assobio
encomendar, {byMeansOf}, encomenda
decorar, {byMeansOf}, decoração
povoar, {event}, povoação
migrar, {event}, migração
desejar, {undergoer}, desejo
aplaudir, {event}, aplauso
abreviar, {result}, abreviação
perguntar, {event}, pergunta
selecionar, {event}, seleção
manejar, {event}, manejo
demitir, {event}, demissão
assistir, {agent}, assistente
injetar, {event}, injeção
andar, {event}, andada
agachar, {event}, agachamento
abster, {property}, abstenção
agitar, {event}, agitação
deduzir, {byMeansOf}, dedução
aludir, {event}, alusão
elucidar, {event}, elucidação
agredir, {agent}, agressor
confirmar, {byMeansOf}, confirmação
cheirar, {undergoer}, cheiro
iniciar, {event}, início
deportar, {event}, deportação
interrogar, {agent}, interrogador
irritar, {event}, irritação
investigar, {agent}, investigador
segmentar, {result}, segmento
cogitar, {event}, cogitação
adotar, {event}, adoção
ensaiar, {event}, ensaio
rodar, {event}, rotação
denunciar, {event}, denúncia
trapacear, {agent}, trapaceiro
reclamar, {event}, reclamação
experimentar, {result}, experiência
participar, {event}, participação
consolar, {uses}, consolo
programar, {result}, programa
alimentar, {byMeansOf}, alimento
expulsar, {event}, expulsão
apostar, {agent}, apostador
realizar, {event}, realização
pular, {event}, pulo
deglutir, {event}, deglutição
nomear, {event}, nomeação
castigar, {event}, castigo
reduzir, {event}, redução
erodir, {event}, erosão
gerir, {byMeansOf}, gestão
experimentar, {event}, experiência
anular, {event}, anulação
introduzir, {event}, introdução
queimar, {location}, queimadura
degradar, {event}, degradação
deteriorar, {event}, deterioração
substituir, {event}, substituição
proibir, {byMeansOf}, proibição
aumentar, {event}, aumento
ligar, {event}, ligação
acrescentar, {event}, acréscimo
convidar, {event}, convite
derrapar, {event}, derrapagem
prognosticar, {event}, prognóstico
conhecer, {state}, conhecimento
aclamar, {event}, aclamação
racionalizar, {event}, racionalização
mensurar, {event}, mensuração
copiar, {result}, cópia
contaminar, {event}, contaminação
representar, {result}, representação
ornar, {byMeansOf}, ornamento
purificar, {event}, purificação
rir, {event}, riso
estuprar, {agent}, estuprador
inventar, {agent}, inventor
desabar, {event}, desabamento
controlar, {byMeansOf}, controlador
questionar, {event}, questão
gerenciar, {byMeansOf}, gerenciamento
reconhecer, {event}, reconhecimento
observar, {agent}, observador
pensar, {event}, pensamento
anular, {event}, anulação
falsificar, {agent}, falsificador
avisar, {event}, aviso
reconhecer, {event}, reconhecimento
marchar, {event}, marcha
unificar, {event}, unificação
satisfazer, {event}, satisfação
incorporar, {event}, incorporação
caçoar, {undergoer}, caçoada
recompensar, {event}, recompensa
terminar, {event}, término
prover, {uses}, provisão
conduzir, {agent}, condutor
desenvolver, {event}, desenvolvimento
recuperar, {event}, recuperação
provocar, {byMeansOf}, provocação
avaliar, {agent}, avaliador
limitar, {byMeansOf}, limitação
executar, {event}, execução
adquirir, {event}, aquisição
situar, {property}, situação
praticar, {event}, prática
arrepender, {event}, arrependimento
inspecionar, {agent}, inspetor
tocar, {event}, toque
demonstrar, {agent}, demonstrador
situar, {location}, situação
substituir, {agent}, substituto
pesquisar, {event}, pesquisa
acelerar, {event}, aceleração
progredir, {event}, progresso
lutar, {agent}, lutador
ornamentar, {state}, ornamentação
manipular, {event}, manipulação
preocupar, {byMeansOf}, preocupação
diminuir, {event}, diminuição
rejeitar, {event}, rejeição
apresentar, {event}, apresentação
corrigir, {event}, correção
perceber, {event}, percepção
restaurar, {state}, restauração
supervisionar, {agent}, supervisor
descentralizar, {event}, descentralização
começar, {event}, começo
relatar, {event}, relatório
subir, {undergoer}, subida
colocar, {event}, colocação
prever, {event}, previsão
exagerar, {event}, exagero
cozinhar, {agent}, cozinheiro
acumular, {event}, acumulação
criar, {agent}, criador
resgatar, {result}, resgate
tentar, {event}, tentativa
desaparecer, {event}, desaparição
pedir, {event}, pedido
sancionar, {uses}, sanção
negociar, {event}, negociação
compor, {agent}, compositor
provocar, {byMeansOf}, provocação
admirar, {agent}, admirador
adotar, {event}, adopção
quantificar, {event}, quantificação
embarcar, {event}, embarque
bradar, {event}, brado
fundir, {event}, fusão
vencer, {agent}, vencedor
incinerar, {event}, incineração
questionar, {event}, questão
rever, {event}, revisão
morar, {agent}, morador
contradizer, {event}, contradição
aceitar, {event}, aceitação
desmoronar, {event}, desmoronamento
confirmar, {byMeansOf}, confirmação
confirmar, {byMeansOf}, confirmação
finalizar, {byMeansOf}, fim
forçar, {byMeansOf}, força
justificar, {byMeansOf}, justificação
decorar, {byMeansOf}, decoração
recomendar, {byMeansOf}, recomendação
ajudar, {byMeansOf}, ajuda
ajudar, {byMeansOf}, ajuda
ajudar, {byMeansOf}, ajuda
ajudar, {byMeansOf}, ajuda
influenciar, {byMeansOf}, influência
influir, {byMeansOf}, influência
justificar, {byMeansOf}, justificativa
alimentar, {byMeansOf}, alimentação
alimentar, {byMeansOf}, alimentação
decorar, {byMeansOf}, decoração
motivar, {byMeansOf}, motivo
documentar, {byMeansOf}, documentação
melhorar, {byMeansOf}, melhoramento
significar, {byMeansOf}, significação
aumentar, {byMeansOf}, aumento
aumentar, {byMeansOf}, aumento
garantir, {byMeansOf}, garantia
provocar, {byMeansOf}, provocação
provocar, {byMeansOf}, provocação
justificar, {byMeansOf}, justificativa
ameaçar, {byMeansOf}, ameaça
acampar, {location}, acampamento
acampar, {location}, acampamento
limitar, {location}, limite
limitar, {location}, limite
posicionar, {location}, posição
alimentar, {uses}, alimento
manter, {uses}, manutenção
aprovar, {uses}, aprovação
augurar, {uses}, augúrio
nutrir, {uses}, nutrição
numerar, {uses}, número
identificar, {uses}, identificação
numerar, {uses}, número
informar, {uses}, informação
testemunhar, {uses}, testemunha
testemunhar, {uses}, testemunho
numerar, {uses}, número
manter, {uses}, manutenção
informar, {uses}, informação
ilustrar, {uses}, ilustração
ilustrar, {uses}, ilustração
abrigar, {uses}, abrigo
alimentar, {uses}, alimento
aprovar, {uses}, aprovação
alimentar, {uses}, alimentação
testemunhar, {uses}, testemunho
documentar, {uses}, documentação
interpretar, {uses}, interpretação
fornecer, {uses}, fornecimento
fornecer, {uses}, fornecimento
vestir, {uses}, vestuário
interpretar, {uses}, interpretação
testemunhar, {uses}, testemunha
testemunhar, {uses}, testemunho
divertir, {uses}, diversão
prognosticar, {uses}, prognóstico
vestir, {uses}, vestuário
mencionar, {undergoer}, menção
numerar, {undergoer}, número
influenciar, {undergoer}, influência
influir, {undergoer}, influência
numerar, {undergoer}, número
anotar, {undergoer}, anotação
significar, {undergoer}, significado
multiplicar, {undergoer}, multiplicador
ver, {undergoer}, visão
citar, {undergoer}, citação
citar, {undergoer}, citação
cobrir, {undergoer}, cobertura
beber, {undergoer}, bebida
esperar, {undergoer}, esperança
esperar, {undergoer}, esperança
numerar, {undergoer}, número
influenciar, {undergoer}, influência
influir, {undergoer}, influência
influenciar, {undergoer}, influência
influir, {undergoer}, influência
empregar, {undergoer}, empregada
garantir, {undergoer}, garantia
necessitar, {undergoer}, necessidade
aspirar, {undergoer}, aspiração
significar, {undergoer}, significado
significar, {undergoer}, significação
significar, {undergoer}, significação
significar, {undergoer}, significação
garantir, {undergoer}, garantia
citar, {undergoer}, citação
citar, {undergoer}, citação
citar, {undergoer}, citação
limitar, {property}, limite
limitar, {property}, limite
posicionar, {property}, posição
desprezar, {property}, desprezo
atrair, {property}, atração
abster, {property}, abstinência
diferenciar, {property}, diferença
limitar, {property}, limitação
limitar, {property}, limitação
atrair, {property}, atração
limitar, {property}, limitação
limitar, {property}, limitação
respeitar, {property}, respeito
ler, {agent}, leitor
desperdiçar, {agent}, desperdiçador
fornecer, {agent}, fornecedor
administrar, {agent}, administrador
governar, {agent}, governante
administrar, {agent}, administrador
ilustrar, {agent}, ilustrador
sequestrar, {agent}, seqüestrador
classificar, {agent}, classificador
visitar, {agent}, visita
visitar, {agent}, visita
administrar, {agent}, administração
comprar, {agent}, comprador
assistir, {agent}, assistente
governar, {agent}, governador
ganhar, {agent}, ganhador
fabricar, {agent}, fabricante
correr, {agent}, corredor
avaliar, {agent}, avaliador
decorar, {agent}, decorador
comunicar, {agent}, comunicador
avaliar, {agent}, avaliador
proteger, {agent}, protetor
decorar, {agent}, decoração
governar, {agent}, governador
avaliar, {agent}, avaliador
aconselhar, {agent}, conselheiro
tripular, {agent}, tripulação
ler, {agent}, leitor
liderar, {agent}, líder
traduzir, {agent}, tradutor
causar, {agent}, causador
exportar, {agent}, exportador
organizar, {agent}, organizador
amar, {agent}, amante
amar, {agent}, amante
assassinar, {agent}, assassino
prover, {agent}, provedor
anunciar, {agent}, anunciante
empregar, {agent}, empregador
vencer, {agent}, vencedor
redigir, {agent}, redator
treinar, {agent}, treinador
treinar, {agent}, treinador
ajudar, {agent}, ajudante
ganhar, {agent}, ganhador
ganhar, {agent}, ganhador
vencer, {agent}, vencedor
vencer, {agent}, vencedor
cantar, {agent}, cantador
cantar, {agent}, cantador
cantar, {agent}, cantador
pintar, {agent}, pintor
administrar, {agent}, administrador
responder, {result}, resposta
compor, {result}, composição
influenciar, {result}, influência
influir, {result}, influência
transpirar, {result}, transpiração
responder, {result}, resposta
programar, {result}, programa
registrar, {result}, registro
anunciar, {result}, anúncio
experimentar, {result}, experiência
observar, {result}, observação
observar, {result}, observação
morder, {result}, mordida
evaporar, {result}, evaporação
organizar, {result}, organização
organizar, {result}, organização
trabalhar, {result}, trabalho
mudar, {result}, mudança
mudar, {result}, mudança
abreviar, {result}, abreviatura
abreviar, {result}, abreviatura
inovar, {result}, inovação
catalogar, {result}, catalogação
suar, {result}, suor
programar, {result}, programa
multar, {result}, multa
organizar, {result}, organização
orçar, {result}, orçamento
editar, {result}, edição
organizar, {result}, organização
organizar, {result}, organização
julgar, {result}, julgamento
descobrir, {result}, descoberta
filmar, {result}, filme
acentuar, {result}, acentuação
julgar, {result}, julgamento
limitar, {result}, limitação
classificar, {result}, classificação
consolar, {result}, consolo
picar, {result}, picada
abreviar, {result}, abreviação
destilar, {result}, destilado
destilar, {result}, destilado
destilar, {result}, destilado
conspirar, {result}, conspiração
programar, {result}, programa
somar, {result}, soma
soldar, {material}, solda
dançar, {event}, dança
generalizar, {event}, generalização
diferenciar, {event}, diferença
colher, {event}, colheita
coordenar, {event}, coordenação
mudar, {event}, mudança
mudar, {event}, mudança
refutar, {event}, refutação
aludir, {event}, alusão
avaliar, {event}, avaliação
exportar, {event}, exportação
gaguejar, {event}, gagueira
resolver, {event}, resolução
augurar, {event}, augúrio
responder, {event}, resposta
desconfiar, {event}, desconfiança
realizar, {event}, realização
disseminar, {event}, disseminação
experimentar, {event}, experiência
pagar, {event}, pagamento
pagar, {event}, pagamento
abolir, {event}, abolição
demonstrar, {event}, demonstração
exportar, {event}, exportação
variar, {event}, variação
aventurar, {event}, aventura
regressar, {event}, regresso
atacar, {event}, ataque
atacar, {event}, ataque
desejar, {event}, desejo
confirmar, {event}, confirmação
bifurcar, {event}, bifurcação
mentir, {event}, mentira
supor, {event}, suposição
finalizar, {event}, fim
imigrar, {event}, imigração
fertilizar, {event}, fertilização
legislar, {event}, legislação
governar, {event}, governo
expatriar, {event}, expatriação
importar, {event}, importação
utilizar, {event}, utilização
tolerar, {event}, tolerância
fabricar, {event}, fabricação
resolver, {event}, resolução
responder, {event}, resposta
acusar, {event}, acusação
aceitar, {event}, aceitação
esperar, {event}, esperança
esperar, {event}, esperança
organizar, {event}, organização
organizar, {event}, organização
organizar, {event}, organização
fornecer, {event}, fornecimento
suspender, {event}, suspensão
considerar, {event}, consideração
decorar, {event}, decoração
herdar, {event}, herança
supervisionar, {event}, supervisão
afiliar, {event}, afiliação
cooperar, {event}, cooperação
traduzir, {event}, tradução
gerar, {event}, geração
apostar, {event}, aposta
classificar, {event}, classificação
narrar, {event}, narração
desperdiçar, {event}, desperdício
desperdiçar, {event}, desperdício
chantagear, {event}, chantagem
chantagear, {event}, chantagem
comentar, {event}, comentário
alimentar, {event}, alimentação
trabalhar, {event}, trabalho
torturar, {event}, tortura
realizar, {event}, realização
explorar, {event}, exploração
anunciar, {event}, anúncio
medir, {event}, medição
lutar, {event}, luta
organizar, {event}, organização
organizar, {event}, organização
organizar, {event}, organização
organizar, {event}, organização
organizar, {event}, organização
subverter, {event}, subversão
avaliar, {event}, avaliação
enganar, {event}, enganação
investir, {event}, investimento
correr, {event}, corrida
iniciar, {event}, início
lutar, {event}, luta
lutar, {event}, luta
documentar, {event}, documento
votar, {event}, votação
remover, {event}, remoção
assassinar, {event}, assassinato
observar, {event}, observação
meditar, {event}, meditação
encontrar, {event}, encontro
saltar, {event}, salto
viajar, {event}, viagem
viajar, {event}, viagem
finalizar, {event}, final
finalizar, {event}, final
fundar, {event}, fundação
fabricar, {event}, fabricação
anunciar, {event}, anúncio
misturar, {event}, mistura
investigar, {event}, investigação
investigar, {event}, investigação
experimentar, {event}, experiência
categorizar, {event}, categorização
gerir, {event}, gerência
decorar, {event}, decoração
comprar, {event}, compra
consolar, {event}, consolação
experimentar, {event}, experimento
experimentar, {event}, experimento
destruir, {event}, destruição
resgatar, {event}, resgate
ensinar, {event}, ensino
ensinar, {event}, ensino
anunciar, {event}, anúncio
agredir, {event}, agressão
aumentar, {event}, aumento
aumentar, {event}, aumento
convidar, {event}, convite
abominar, {event}, abominação
trabalhar, {event}, trabalho
disputar, {event}, disputa
iluminar, {event}, iluminamento
descobrir, {event}, descoberta
descobrir, {event}, descoberta
interrogar, {event}, interrogação
prever, {event}, previsão
colaborar, {event}, colaboração
transpirar, {event}, transpiração
respeitar, {event}, respeito
compreender, {event}, compreensão
decorar, {event}, decoração
decidir, {event}, decisão
decidir, {event}, decisão
citar, {event}, citação
tentar, {event}, tentativa
adicionar, {event}, adição
causar, {event}, causa
planejar, {event}, plano
escolher, {event}, escolha
segmentar, {event}, segmentação
realizar, {event}, realização
considerar, {event}, consideração
considerar, {event}, consideração
transferir, {event}, transferência
nutrir, {event}, nutrição
desidratar, {event}, desidratação
vencer, {event}, vitória
iniciar, {event}, início
iniciar, {event}, início
iniciar, {event}, início
iniciar, {event}, início
rebelar, {event}, rebelião
limitar, {event}, limitação
limitar, {event}, limitação
vender, {event}, venda
vender, {event}, venda
tremer, {event}, tremor
registrar, {event}, registro
deduzir, {event}, dedução
deduzir, {event}, dedução
votar, {event}, votação
instruir, {event}, instrução
instruir, {event}, instrução
resultar, {event}, resultado
declarar, {event}, declaração
ulcerar, {event}, ulceração
pressionar, {event}, pressão
elevar, {event}, elevação
julgar, {event}, juiz
inventar, {event}, invenção
esculpir, {event}, escultura
esculpir, {event}, escultura
mediar, {event}, mediação
acordar, {event}, acordo
correr, {event}, corrida
generalizar, {event}, generalização
localizar, {event}, localização
sepultar, {event}, sepultamento
aumentar, {event}, aumento
iniciar, {event}, início
iniciar, {event}, início
iniciar, {event}, início
iniciar, {event}, início
investigar, {event}, investigação
falsificar, {event}, falsificação
orar, {event}, oração
alterar, {event}, alteração
construir, {event}, construção
remunerar, {event}, remuneração
restringir, {event}, restrição
restringir, {event}, restrição
descrever, {event}, descrição
rebocar, {event}, reboque
explorar, {event}, exploração
deformar, {event}, deformação
realizar, {event}, realização
possuir, {event}, possessão
manifestar, {event}, manifestação
aliviar, {event}, alívio
ornar, {event}, ornamento
inaugurar, {event}, inauguração
desafiar, {event}, desafio
endossar, {event}, endosso
transferir, {event}, transferência
silenciar, {event}, silêncio
melhorar, {event}, melhoramento
melhorar, {event}, melhoramento
suar, {event}, suor
vetar, {event}, veto
experienciar, {event}, experiência
experimentar, {event}, experiência
renunciar, {event}, renúncia
comentar, {event}, comentário
amaldiçoar, {event}, maldição
discutir, {event}, discussão
confessar, {event}, confissão
amar, {event}, amante
nadar, {event}, nadada
abdicar, {event}, abdicação
explorar, {event}, exploração
prever, {event}, previsão
desdenhar, {event}, desdém
acumular, {event}, acumulação
oprimir, {event}, opressão
finalizar, {event}, fim
finalizar, {event}, fim
examinar, {event}, exame
classificar, {event}, classificação
pular, {event}, pulo
vacinar, {event}, vacinação
acalmar, {event}, calma
explorar, {event}, exploração
sequestrar, {event}, sequestro
surpreender, {event}, surpresa
anunciar, {event}, anúncio
classificar, {event}, classificação
inventar, {event}, invenção
fornecer, {event}, fornecimento
suspender, {event}, suspensão
irritar, {event}, irritação
destilar, {event}, destilação
destilar, {event}, destilação
destilar, {event}, destilação
supor, {event}, suposição
circuncidar, {event}, circuncisão
beber, {event}, bebida
substituir, {event}, substituição
nadar, {event}, natação
nadar, {event}, natação
aumentar, {event}, aumento
ordenar, {event}, ordenação
ordenar, {event}, ordenação
infringir, {event}, infração
salvar, {event}, salvação
renunciar, {event}, renúncia
hesitar, {event}, hesitação
misturar, {event}, mistura
cooperar, {event}, cooperação
concentrar, {event}, concentração
exagerar, {event}, exagero
publicar, {event}, publicação
publicar, {event}, publicação
propor, {event}, proposta
desenhar, {event}, desenho
recorrer, {event}, recurso
catalogar, {event}, catalogação
catalogar, {event}, catalogação
experimentar, {event}, experimento
supor, {event}, suposição
organizar, {event}, organização
organizar, {event}, organização
organizar, {event}, organização
organizar, {event}, organização
organizar, {event}, organização
desprezar, {event}, desprezo
deportar, {event}, deportação
coordenar, {event}, coordenação
coordenar, {event}, coordenação
caracterizar, {event}, caracterização
batalhar, {event}, batalha
finalizar, {event}, fim
finalizar, {event}, fim
progredir, {event}, progressão
competir, {event}, competição
abastecer, {event}, abastecimento
eleger, {event}, eleição
germinar, {event}, germinação
compilar, {event}, compilação
imaginar, {event}, imaginação
perdoar, {event}, perdão
consolar, {event}, consolo
fortificar, {event}, fortificação
desabar, {event}, desabamento
acusar, {event}, acusação
acusar, {event}, acusação
reavaliar, {event}, reavaliação
assistir, {event}, assistência
assistir, {event}, assistência
interrogar, {event}, interrogação
interrogar, {event}, interrogação
combater, {event}, combate
mediar, {event}, mediação
explorar, {event}, exploração
julgar, {event}, julgamento
julgar, {event}, julgamento
mentir, {event}, mentira
sincronizar, {event}, sincronização
meditar, {event}, meditação
tentar, {event}, tentativa
assaltar, {event}, assalto
expressar, {event}, expressão
aprender, {event}, aprendizagem
disputar, {event}, disputa
apostar, {event}, aposta
proteger, {event}, protecção
expulsar, {event}, expulsão
experimentar, {event}, experiência
experienciar, {event}, experiência
experimentar, {event}, experiência
experimentar, {event}, experiência
experimentar, {event}, experiência
abortar, {event}, abortamento
publicar, {event}, publicação
publicar, {event}, publicação
insultar, {event}, insulto
deformar, {event}, deformação
irritar, {event}, irritação
saltar, {event}, salto
simular, {event}, simulação
magoar, {event}, mágoa
desvalorizar, {event}, desvalorização
centralizar, {event}, centralização
lutar, {event}, luta
lutar, {event}, luta
aquiescer, {event}, aquiescência
divertir, {event}, divertimento
aprovar, {event}, aprovação
avaliar, {event}, avaliação
adquirir, {event}, aquisição
ornar, {event}, ornamento
discordar, {event}, discórdia
atacar, {event}, ataque
nutrir, {event}, nutrição
doar, {event}, doação
excitar, {event}, excitação
olhar, {event}, olhar
plagiar, {event}, plágio
usar, {event}, uso
usar, {event}, uso
celebrar, {event}, celebração
celebrar, {event}, celebração
perguntar, {event}, pergunta
perguntar, {event}, pergunta
pesquisar, {event}, pesquisa
pesquisar, {event}, pesquisa
elevar, {event}, elevador
rebocar, {event}, rebocador
disputar, {event}, disputa
silenciar, {event}, silêncio
começar, {event}, começo
começar, {event}, começo
começar, {event}, começo
começar, {event}, começo
começar, {event}, começo
começar, {event}, começo
demonstrar, {event}, demonstração
propor, {event}, proposição
desejar, {event}, desejo
desejar, {event}, desejo
desejar, {event}, desejo
finalizar, {event}, fim
finalizar, {event}, fim
finalizar, {event}, fim
retornar, {event}, retorno
selecionar, {event}, selecção
renunciar, {event}, renúncia
disputar, {event}, disputa
colaborar, {event}, colaboração
comprometer, {event}, compromisso
começar, {event}, começo
começar, {event}, começo
começar, {event}, começo
começar, {event}, começo
começar, {event}, começo
começar, {event}, começo
ajudar, {event}, ajuda
ajudar, {event}, ajuda
ajudar, {event}, ajuda
ajudar, {event}, ajuda
ajudar, {event}, ajuda
tocar, {event}, toque
redigir, {event}, redacção
assaltar, {event}, assalto
combater, {event}, combate
consultar, {event}, consulta
simplificar, {event}, simplificação
trabalhar, {event}, trabalho
reparar, {event}, reparo
acumular, {event}, acúmulo
acumular, {event}, acúmulo
combinar, {event}, combinação
garantir, {event}, garantia
garantir, {event}, garantia
drenar, {event}, dreno
interrogar, {event}, interrogatório
atrofiar, {event}, atrofia
dançar, {event}, dança
aumentar, {event}, aumento
aumentar, {event}, aumento
comentar, {event}, comentário
modificar, {event}, modificação
transmitir, {event}, transmissor
alucinar, {event}, alucinação
fornecer, {event}, fornecimento
fornecer, {event}, fornecimento
fornecer, {event}, fornecimento
misturar, {event}, mistura
misturar, {event}, mistura
misturar, {event}, mistura
misturar, {event}, mistura
proteger, {event}, proteção
melhorar, {event}, melhoramento
pesquisar, {event}, pesquisa
descobrir, {event}, descobrimento
descobrir, {event}, descobrimento
descobrir, {event}, descobrimento
documentar, {event}, documentação
apelar, {event}, apelo
apelar, {event}, apelo
amaldiçoar, {event}, maldição
cheirar, {event}, cheiro
exagerar, {event}, exagero
interpretar, {event}, interpretação
interpretar, {event}, interpretação
questionar, {event}, questão
questionar, {event}, questão
governar, {event}, governação
governar, {event}, governação
observar, {event}, observância
observar, {event}, observância
observar, {event}, observância
observar, {event}, observância
contaminar, {event}, contaminação
contaminar, {event}, contaminação
ocupar, {event}, ocupação
legislar, {event}, legislação
criar, {event}, criação
criar, {event}, criação
criar, {event}, criação
lutar, {event}, luta
inundar, {event}, inundação
entrar, {event}, entrada
comprimir, {event}, compressão
raptar, {event}, rapto
cessar, {event}, cessação
agredir, {event}, agressão
mover, {event}, movimento
restringir, {event}, restrição
preceder, {event}, precedência
inventar, {event}, invenção
justificar, {event}, justificação
cancelar, {event}, cancelamento
medir, {event}, medida
guerrear, {event}, guerra
salvar, {event}, salvamento
trabalhar, {event}, trabalho
ordenar, {event}, ordem
educar, {event}, educação
lutar, {event}, luta
marchar, {event}, marcha
marchar, {event}, marcha
guerrear, {event}, guerra
aprovar, {event}, aprovação
explicar, {event}, explicação
alimentar, {event}, alimentação
facilitar, {event}, facilitação
compreender, {event}, compreensão
aniquilar, {event}, aniquilamento
tolerar, {event}, tolerância
mudar, {event}, mutação
expor, {event}, exposição
notificar, {event}, notificação
estuprar, {event}, estupro
crescer, {event}, crescimento
calcular, {event}, cálculo
confessar, {event}, confissão
confessar, {event}, confissão
entrevistar, {event}, entrevista
substituir, {event}, substituição
observar, {event}, observação
observar, {event}, observação
observar, {event}, observação
observar, {event}, observação
rodar, {event}, rotação
assassinar, {event}, assassinato
acampar, {event}, acampamento
renunciar, {event}, renúncia
abortar, {event}, aborto
iluminar, {event}, iluminação
rir, {event}, risada
taxar, {event}, taxa
aclimatar, {event}, aclimação
criar, {event}, criação
automatizar, {event}, automatização
atrasar, {event}, atraso
revelar, {event}, revelação
fundir, {event}, fusão
promover, {event}, promoção
reunir, {event}, reunião
transferir, {event}, transferência
expedir, {event}, expedição
diminuir, {event}, diminuição
prognosticar, {event}, prognóstico
acordar, {event}, acordo
tremer, {event}, tremor
custar, {event}, custo
debater, {event}, debate
assentir, {event}, assentimento
obedecer, {event}, obediência
morrer, {event}, morte
multiplicar, {event}, multiplicação
debater, {event}, debate
lutar, {event}, luta
lutar, {event}, luta
utilizar, {event}, utilização
destruir, {event}, destruição
destruir, {event}, destruição
destruir, {event}, destruição
batalhar, {event}, batalha
divertir, {event}, diversão
circular, {event}, circulação
mobilizar, {event}, mobilização
mobilizar, {event}, mobilização
mudar, {event}, mudança
caminhar, {event}, caminhada
caminhar, {event}, caminhada
adotar, {event}, adoção
comunicar, {event}, comunicação
delegar, {event}, delegação
chover, {event}, chuva
compensar, {event}, compensação
compensar, {event}, compensação
compensar, {event}, compensação
compensar, {event}, compensação
convocar, {event}, convocação
treinar, {event}, treino
adotar, {event}, adopção
justificar, {event}, justificativa
concluir, {event}, conclusão
ordenar, {event}, ordem
disputar, {event}, disputa
acelerar, {event}, aceleração
comemorar, {event}, comemoração
torturar, {event}, tortura
roubar, {event}, roubo
civilizar, {event}, civilização
amaldiçoar, {event}, maldição
assassinar, {event}, assassínio
complicar, {event}, complicação
tremer, {event}, tremor
redigir, {event}, redação
correlacionar, {event}, correlação
subtrair, {event}, subtração
surpreender, {event}, surpresa
surpreender, {event}, surpresa
inspecionar, {event}, inspecção
autorizar, {event}, autorização
mudar, {event}, mudança
mudar, {event}, mudança
mudar, {event}, mudança
alugar, {event}, aluguel
abraçar, {event}, abraço
batalhar, {event}, batalha
acentuar, {event}, acentuação
deletar, {event}, deleção
cortar, {event}, corte
anular, {event}, anulação
resolver, {event}, resolução
observar, {event}, observação
observar, {event}, observação
observar, {event}, observação
observar, {event}, observação
prognosticar, {event}, prognóstico
identificar, {event}, identificação
culminar, {event}, culminação
fraturar, {event}, fractura
categorizar, {event}, categorização
acelerar, {event}, aceleração
proliferar, {event}, proliferação
explicar, {event}, explicação
adquirir, {event}, aquisição
queimar, {event}, queimadura
queimar, {event}, queimadura
conspirar, {event}, conspiração
concentrar, {event}, concentração
complicar, {event}, complicação
relatar, {event}, relato
relatar, {event}, relato
aceitar, {event}, aceitação
aceitar, {event}, aceitação
aceitar, {event}, aceitação
aceitar, {event}, aceitação
culminar, {event}, culminação
culminar, {event}, culminação
culminar, {event}, culminação
formar, {event}, formação
formar, {event}, formação
condenar, {event}, condenação
anotar, {event}, anotação
iluminar, {event}, iluminação
assimilar, {event}, assimilação
praticar, {event}, prática
reproduzir, {event}, reprodução
examinar, {event}, exame
unificar, {event}, unificação
evoluir, {event}, evolução
evaporar, {event}, evaporação
evaporar, {event}, evaporação
evaporar, {event}, evaporação
doer, {event}, dor
doer, {event}, dor
avisar, {event}, aviso
reverter, {event}, reversão
condenar, {event}, condenação
condenar, {event}, condenação
raptar, {event}, rapto
criar, {event}, criação
misturar, {event}, mistura
misturar, {event}, mistura
questionar, {event}, questão
conversar, {event}, conversa
sugerir, {event}, sugestão
progredir, {event}, progresso
assimilar, {event}, assimilação
relatar, {event}, relato
melhorar, {event}, melhoramento
detonar, {instrument}, detonador
amplificar, {instrument}, amplificador
compilar, {instrument}, compilador
computar, {instrument}, computador
computar, {instrument}, computador
ligar, {instrument}, ligação
elevar, {instrument}, elevador
transportar, {instrument}, transportador
separar, {instrument}, separador
imprimir, {instrument}, impressora
detectar, {instrument}, detector
acelerar, {instrument}, acelerador
transmitir, {instrument}, transmissor
incinerar, {instrument}, incinerador
refrigerar, {instrument}, refrigerador
refrigerar, {instrument}, refrigerador
comprimir, {instrument}, compressor
armar, {instrument}, arma
ligar, {instrument}, ligação
amortecer, {instrument}, amortecedor
desiludir, {state}, desilusão
privar, {state}, privação
privar, {state}, privação
conectar, {state}, conexão
contentar, {state}, contentamento
decepcionar, {state}, decepção
alegrar, {state}, alegria
obrigar, {state}, obrigação
satisfazer, {state}, satisfação
preocupar, {state}, preocupação
contaminar, {state}, contaminação
contaminar, {state}, contaminação
necessitar, {state}, necessidade
frustrar, {state}, frustração
esperar, {state}, esperança
esperar, {state}, esperança
desencantar, {state}, desencantamento
desgraçar, {state}, desgraça
incentivar, {state}, incentivo
erodir, {state}, erosão
poluir, {state}, poluição
desejar, {state}, desejo
numerar, {state}, número
magoar, {state}, mágoa
respeitar, {state}, respeito
preocupar, {state}, preocupação
poluir, {state}, poluição
reconhecer, {state}, reconhecimento
infectar, {state}, infecção
admirar, {state}, admiração
frustrar, {state}, frustração
abominar, {state}, abominação
suspeitar, {state}, suspeita
renovar, {state}, renovação
renovar, {state}, renovação
fragmentar, {state}, fragmentação
intimidar, {state}, intimidação
sobreviver, {state}, sobrevivência
sobreviver, {state}, sobrevivência
atrair, {state}, atração
equilibrar, {state}, equilíbrio
desprezar, {state}, desprezo
refinar, {state}, refinamento
desonrar, {state}, desonra
humilhar, {state}, humilhação
participar, {state}, participação
fundir, {state}, fusão
amputar, {state}, amputação
isolar, {state}, isolamento
compreender, {state}, compreensão
exasperar, {state}, exasperação
exasperar, {state}, exasperação
predominar, {state}, predominância
contaminar, {state}, contaminação
excitar, {state}, excitação
consolar, {state}, consolo
isolar, {state}, isolação
aliviar, {state}, alívio
irritar, {state}, irritação
assimilar, {state}, assimilação
corroer, {state}, corrosão
respeitar, {state}, respeito
preparar, {state}, preparação
